yearID,top10_players,top_hitters,top_pitchers,returning_core_players,departing_core_players,returning_core_count,departing_core_count,era_id,teamID,lgID,divID,Rank,G,W,L,DivWin,WCWin,LgWin,WSWin,R,RA,attendance,name,park
1968,Bert Campaneris | Reggie Jackson | Jim Nash | Blue Moon Odom | Rick Monday | Sal Bando | Danny Cater | John Donaldson | Lew Krausse | Catfish Hunter,Bert Campaneris | Reggie Jackson | Rick Monday | Sal Bando | Danny Cater | John Donaldson | Dick Green | Jim Pagliaroni,Jim Nash | Blue Moon Odom | Lew Krausse | Diego Segui | Chuck Dobson | Paul Lindblad | Catfish Hunter | George Lauzerique,,,0,0,C01,OAK,AL,,6,163,82,80,,,N,N,569.0,544.0,837466.0,Oakland Athletics,Oakland Coliseum
1969,Reggie Jackson | Sal Bando | Dick Green | Blue Moon Odom | Rick Monday | Bert Campaneris | Catfish Hunter | Tommie Reynolds | Jim Roland | Jose Tartabull,Reggie Jackson | Sal Bando | Dick Green | Rick Monday | Bert Campaneris | Tommie Reynolds | Blue Moon Odom | Jose Tartabull,Blue Moon Odom | Catfish Hunter | Jim Roland | Jim Nash | Juan Pizarro | Chuck Dobson | Paul Lindblad | Rollie Fingers,Reggie Jackson | Sal Bando | Blue Moon Odom | Rick Monday | Bert Campaneris | Catfish Hunter,Jim Nash | Danny Cater | John Donaldson | Lew Krausse,6,4,C01,OAK,AL,W,2,162,88,74,N,,N,N,740.0,678.0,778232.0,Oakland Athletics,Oakland Coliseum
1970,Sal Bando | Bert Campaneris | Mudcat Grant | Rick Monday | Diego Segui | Reggie Jackson | Joe Rudi | Felipe Alou | Don Mincher | Frank Fernandez,Sal Bando | Bert Campaneris | Rick Monday | Reggie Jackson | Joe Rudi | Felipe Alou | Don Mincher | Frank Fernandez,Mudcat Grant | Diego Segui | Chuck Dobson | Catfish Hunter | Paul Lindblad | Rollie Fingers | Marcel Lachemann | Vida Blue,Sal Bando | Bert Campaneris | Rick Monday | Reggie Jackson,Dick Green | Blue Moon Odom | Catfish Hunter | Tommie Reynolds | Jim Roland | Jose Tartabull,4,6,C01,OAK,AL,W,2,162,89,73,N,,N,N,678.0,593.0,778355.0,Oakland Athletics,Oakland Coliseum
1971,Vida Blue | Reggie Jackson | Sal Bando | Catfish Hunter | Bert Campaneris | Joe Rudi | Rick Monday | Gene Tenace | Dave Duncan | Dick Green,Reggie Jackson | Sal Bando | Bert Campaneris | Joe Rudi | Rick Monday | Gene Tenace | Dave Duncan | Dick Green,Vida Blue | Catfish Hunter | Rollie Fingers | Diego Segui | Mudcat Grant | Bob Locker | Jim Roland | Rob Gardner,Reggie Jackson | Sal Bando | Bert Campaneris | Joe Rudi | Rick Monday,Mudcat Grant | Diego Segui | Felipe Alou | Don Mincher | Frank Fernandez,5,5,C01,OAK,AL,W,1,161,101,60,Y,,N,N,691.0,564.0,914993.0,Oakland Athletics,Oakland Coliseum
1972,Joe Rudi | Catfish Hunter | Reggie Jackson | Sal Bando | Bert Campaneris | Mike Epstein | Ken Holtzman | Dave Duncan | Darold Knowles | Blue Moon Odom,Joe Rudi | Reggie Jackson | Sal Bando | Bert Campaneris | Mike Epstein | Dave Duncan | Angel Mangual | Mike Hegan,Catfish Hunter | Ken Holtzman | Darold Knowles | Blue Moon Odom | Rollie Fingers | Dave Hamilton | Bob Locker | Vida Blue,Joe Rudi | Catfish Hunter | Reggie Jackson | Sal Bando | Bert Campaneris | Dave Duncan,Vida Blue | Rick Monday | Gene Tenace | Dick Green,6,4,C01,OAK,AL,W,1,155,93,62,Y,,Y,Y,604.0,457.0,921323.0,Oakland Athletics,Oakland Coliseum
1973,Reggie Jackson | Bill North | Sal Bando | Gene Tenace | Bert Campaneris | Ken Holtzman | Ray Fosse | Joe Rudi | Vida Blue | Catfish Hunter,Reggie Jackson | Bill North | Sal Bando | Gene Tenace | Bert Campaneris | Ray Fosse | Joe Rudi | Dick Green,Ken Holtzman | Vida Blue | Catfish Hunter | Rollie Fingers | Horacio Pina | Glenn Abbott | Blue Moon Odom | Darold Knowles,Reggie Jackson | Sal Bando | Bert Campaneris | Ken Holtzman | Joe Rudi | Catfish Hunter,Mike Epstein | Dave Duncan | Darold Knowles | Blue Moon Odom,6,4,C01,OAK,AL,W,1,162,94,68,Y,,Y,Y,758.0,615.0,1000763.0,Oakland Athletics,Oakland Coliseum
1974,Catfish Hunter | Reggie Jackson | Bert Campaneris | Gene Tenace | Sal Bando | Joe Rudi | Bill North | Vida Blue | Paul Lindblad | Ken Holtzman,Reggie Jackson | Bert Campaneris | Gene Tenace | Sal Bando | Joe Rudi | Bill North | Claudell Washington | Dick Green,Catfish Hunter | Vida Blue | Paul Lindblad | Ken Holtzman | Rollie Fingers | Dave Hamilton | Glenn Abbott | Bill Parsons,Catfish Hunter | Reggie Jackson | Bert Campaneris | Gene Tenace | Sal Bando | Joe Rudi | Bill North | Vida Blue | Ken Holtzman,Ray Fosse,9,1,C01,OAK,AL,W,1,162,90,72,Y,,Y,Y,689.0,551.0,845693.0,Oakland Athletics,Oakland Coliseum
1975,Reggie Jackson | Bill North | Gene Tenace | Claudell Washington | Vida Blue | Sal Bando | Bert Campaneris | Joe Rudi | Ken Holtzman | Rollie Fingers,Reggie Jackson | Bill North | Gene Tenace | Claudell Washington | Sal Bando | Bert Campaneris | Joe Rudi | Phil Garner,Vida Blue | Ken Holtzman | Rollie Fingers | Jim Todd | Paul Lindblad | Dick Bosman | Stan Bahnsen | Mike Norris,Reggie Jackson | Bill North | Gene Tenace | Vida Blue | Sal Bando | Bert Campaneris | Joe Rudi | Ken Holtzman,Catfish Hunter | Paul Lindblad,8,2,C01,OAK,AL,W,1,162,98,64,Y,,N,N,758.0,606.0,1075518.0,Oakland Athletics,Oakland Coliseum
1976,Vida Blue | Sal Bando | Mike Torrez | Bert Campaneris | Gene Tenace | Rollie Fingers | Don Baylor | Phil Garner | Bill North | Joe Rudi,Sal Bando | Bert Campaneris | Gene Tenace | Don Baylor | Phil Garner | Bill North | Joe Rudi | Ron Fairly,Vida Blue | Mike Torrez | Rollie Fingers | Stan Bahnsen | Paul Lindblad | Dick Bosman | Paul Mitchell | Craig Mitchell,Vida Blue | Sal Bando | Bert Campaneris | Gene Tenace | Rollie Fingers | Bill North | Joe Rudi,Reggie Jackson | Claudell Washington | Ken Holtzman,7,3,C01,OAK,AL,W,2,161,87,74,N,,N,N,686.0,598.0,780593.0,Oakland Athletics,Oakland Coliseum
1977,Mitchell Page | Vida Blue | Pablo Torrealba | Bob Lacey | Joe Coleman | Wayne Gross | Rick Langford | Dave Giusti | Doug Bair | Mike Jorgensen,Mitchell Page | Wayne Gross | Mike Jorgensen | Rodney Scott | Manny Sanguillen | Tony Armas | Jeff Newman | Larry Lintz,Vida Blue | Pablo Torrealba | Bob Lacey | Joe Coleman | Rick Langford | Dave Giusti | Doug Bair | Mike Norris,Vida Blue,Sal Bando | Mike Torrez | Bert Campaneris | Gene Tenace | Rollie Fingers | Don Baylor | Phil Garner | Bill North | Joe Rudi,1,9,C01,OAK,AL,W,7,161,63,98,N,,N,N,605.0,749.0,495599.0,Oakland Athletics,Oakland Coliseum
1978,Matt Keough | Elias Sosa | John Henry Johnson | Rick Langford | Jim Essian | Mitchell Page | Dave Heaverlo | Bob Lacey | Rico Carty | Dave Revering,Jim Essian | Mitchell Page | Rico Carty | Dave Revering | Jeff Newman | Steve Staggs | Willie Horton | Bill North,Matt Keough | Elias Sosa | John Henry Johnson | Rick Langford | Dave Heaverlo | Bob Lacey | Steve Renko | Alan Wirth,Rick Langford | Mitchell Page | Bob Lacey,Vida Blue | Pablo Torrealba | Joe Coleman | Wayne Gross | Dave Giusti | Doug Bair | Mike Jorgensen,3,7,C02,OAK,AL,W,6,162,69,93,N,,N,N,532.0,690.0,526999.0,Oakland Athletics,Oakland Coliseum
1979,Rick Langford | Steve McCatty | Brian Kingman | Dave Revering | Dave Heaverlo | Dave Hamilton | John Henry Johnson | Jeff Newman | Mike Norris | Matt Keough,Dave Revering | Jeff Newman | Dwayne Murphy | Wayne Gross | Jim Essian | Tony Armas | Mitchell Page | Mike Edwards,Rick Langford | Steve McCatty | Brian Kingman | Dave Heaverlo | Dave Hamilton | John Henry Johnson | Mike Norris | Matt Keough,Rick Langford | Dave Revering | Dave Heaverlo | John Henry Johnson | Matt Keough,Elias Sosa | Jim Essian | Mitchell Page | Bob Lacey | Rico Carty,5,5,C02,OAK,AL,W,7,162,54,108,N,,N,N,573.0,860.0,306763.0,Oakland Athletics,Oakland Coliseum
1980,Rickey Henderson | Dwayne Murphy | Tony Armas | Mike Norris | Dave Revering | Matt Keough | Wayne Gross | Rick Langford | Jim Essian | Bob Lacey,Rickey Henderson | Dwayne Murphy | Tony Armas | Dave Revering | Wayne Gross | Jim Essian | Mitchell Page | Mickey Klutts,Mike Norris | Matt Keough | Rick Langford | Bob Lacey | Steve McCatty | Dave Beard | Brian Kingman | Jeff Jones,Mike Norris | Dave Revering | Matt Keough | Rick Langford,Steve McCatty | Brian Kingman | Dave Heaverlo | Dave Hamilton | John Henry Johnson | Jeff Newman,4,6,C02,OAK,AL,W,2,162,83,79,N,,N,N,686.0,642.0,842259.0,Oakland Athletics,Oakland Coliseum
1981,Rickey Henderson | Steve McCatty | Dwayne Murphy | Tony Armas | Wayne Gross | Cliff Johnson | Mike Heath | Rob Picciolo | Rick Langford | Dave McKay,Rickey Henderson | Dwayne Murphy | Tony Armas | Wayne Gross | Cliff Johnson | Mike Heath | Rob Picciolo | Dave McKay,Steve McCatty | Rick Langford | Matt Keough | Mike Norris | Dave Heaverlo | Bob Owchinko | Craig Minetto | Rich Bordi,Rickey Henderson | Dwayne Murphy | Tony Armas | Wayne Gross | Rick Langford,Mike Norris | Dave Revering | Matt Keough | Jim Essian | Bob Lacey,5,5,C02,OAK,AL,W,1,109,64,45,Y,,N,N,458.0,403.0,1304052.0,Oakland Athletics,Oakland Coliseum
1982,Rickey Henderson | Dwayne Murphy | Tony Armas | Wayne Gross | Tom Underwood | Jeff Burroughs | Davey Lopes | Rick Langford | Steve McCatty | Mike Davis,Rickey Henderson | Dwayne Murphy | Tony Armas | Wayne Gross | Jeff Burroughs | Davey Lopes | Mike Davis | Mike Heath,Tom Underwood | Rick Langford | Steve McCatty | Dave Beard | Brian Kingman | Chris Codiroli | Tim Conroy | Matt Keough,Rickey Henderson | Dwayne Murphy | Tony Armas | Wayne Gross | Rick Langford | Steve McCatty,Cliff Johnson | Mike Heath | Rob Picciolo | Dave McKay,6,4,C02,OAK,AL,W,5,162,68,94,N,,N,N,691.0,819.0,1735489.0,Oakland Athletics,Oakland Coliseum
1983,Rickey Henderson | Mike Davis | Davey Lopes | Carney Lansford | Tom Burgmeier | Dwayne Murphy | Bob Kearney | Steve McCatty | Keith Atherton | Tony Phillips,Rickey Henderson | Mike Davis | Davey Lopes | Carney Lansford | Dwayne Murphy | Bob Kearney | Tony Phillips | Wayne Gross,Tom Burgmeier | Keith Atherton | Steve McCatty | Tom Underwood | Bill Krueger | Mike Norris | Gorman Heimueller | Chris Codiroli,Rickey Henderson | Mike Davis | Davey Lopes | Dwayne Murphy | Steve McCatty,Tony Armas | Wayne Gross | Tom Underwood | Jeff Burroughs | Rick Langford,5,5,C02,OAK,AL,W,4,162,74,88,N,,N,N,708.0,782.0,1294941.0,Oakland Athletics,Oakland Coliseum
1984,Rickey Henderson | Dwayne Murphy | Carney Lansford | Ray Burris | Bill Caudill | Dave Kingman | Mike Heath | Tony Phillips | Joe Morgan | Jim Essian,Rickey Henderson | Dwayne Murphy | Carney Lansford | Dave Kingman | Mike Heath | Tony Phillips | Joe Morgan | Jim Essian,Ray Burris | Bill Caudill | Curt Young | Tom Burgmeier | Jeff Jones | Keith Atherton | Steve McCatty | Mike Warren,Rickey Henderson | Dwayne Murphy | Carney Lansford | Tony Phillips,Mike Davis | Davey Lopes | Tom Burgmeier | Bob Kearney | Steve McCatty | Keith Atherton,4,6,C02,OAK,AL,W,4,162,77,85,N,,N,N,738.0,796.0,1353281.0,Oakland Athletics,Oakland Coliseum
1985,Mike Davis | Dwayne Murphy | Mike Heath | Bruce Bochte | Don Sutton | Steve Ontiveros | Jay Howell | Dusty Baker | Tony Phillips | Donnie Hill,Mike Davis | Dwayne Murphy | Mike Heath | Bruce Bochte | Dusty Baker | Tony Phillips | Donnie Hill | Dave Collins,Don Sutton | Steve Ontiveros | Jay Howell | Jose Rijo | Tim Birtsas | Rick Langford | Chris Codiroli | Steve Mura,Dwayne Murphy | Mike Heath | Tony Phillips,Rickey Henderson | Carney Lansford | Ray Burris | Bill Caudill | Dave Kingman | Joe Morgan | Jim Essian,3,7,C03,OAK,AL,W,4,162,77,85,N,,N,N,757.0,787.0,1334599.0,Oakland Athletics,Oakland Coliseum
1986,Tony Phillips | Carney Lansford | Mike Davis | Dwayne Murphy | Alfredo Griffin | Jose Canseco | Curt Young | Moose Haas | Donnie Hill | Joaquin Andujar,Tony Phillips | Carney Lansford | Mike Davis | Dwayne Murphy | Alfredo Griffin | Jose Canseco | Donnie Hill | Mickey Tettleton,Curt Young | Moose Haas | Joaquin Andujar | Dave Stewart | Doug Bair | Jay Howell | Dave Von Ohlen | Jose Rijo,Tony Phillips | Mike Davis | Dwayne Murphy | Donnie Hill,Mike Heath | Bruce Bochte | Don Sutton | Steve Ontiveros | Jay Howell | Dusty Baker,4,6,C03,OAK,AL,W,3,162,76,86,N,,N,N,731.0,760.0,1314646.0,Oakland Athletics,Oakland Coliseum
1987,Carney Lansford | Mark McGwire | Dave Stewart | Terry Steinbach | Dennis Eckersley | Curt Young | Luis Polonia | Tony Phillips | Alfredo Griffin | Jose Canseco,Carney Lansford | Mark McGwire | Terry Steinbach | Luis Polonia | Tony Phillips | Alfredo Griffin | Jose Canseco | Dwayne Murphy,Dave Stewart | Dennis Eckersley | Curt Young | Gene Nelson | Steve Ontiveros | Rick Rodriguez | Storm Davis | Eric Plunk,Carney Lansford | Curt Young | Tony Phillips | Alfredo Griffin | Jose Canseco,Mike Davis | Dwayne Murphy | Moose Haas | Donnie Hill | Joaquin Andujar,5,5,C03,OAK,AL,W,3,162,81,81,N,,N,N,806.0,789.0,1678921.0,Oakland Athletics,Oakland Coliseum
1988,Jose Canseco | Dave Henderson | Dave Stewart | Carney Lansford | Bob Welch | Walt Weiss | Storm Davis | Mark McGwire | Terry Steinbach | Dennis Eckersley,Jose Canseco | Dave Henderson | Carney Lansford | Walt Weiss | Mark McGwire | Terry Steinbach | Glenn Hubbard | Ron Hassey,Dave Stewart | Bob Welch | Storm Davis | Dennis Eckersley | Todd Burns | Gene Nelson | Eric Plunk | Greg Cadaret,Jose Canseco | Dave Stewart | Carney Lansford | Mark McGwire | Terry Steinbach | Dennis Eckersley,Curt Young | Luis Polonia | Tony Phillips | Alfredo Griffin,6,4,C03,OAK,AL,W,1,162,104,58,Y,,Y,N,800.0,620.0,2287335.0,Oakland Athletics,Oakland Coliseum
1989,Mike Moore | Rickey Henderson | Carney Lansford | Dave Henderson | Dave Stewart | Mark McGwire | Bob Welch | Todd Burns | Dennis Eckersley | Tony Phillips,Rickey Henderson | Carney Lansford | Dave Henderson | Mark McGwire | Tony Phillips | Jose Canseco | Mike Gallego | Luis Polonia,Mike Moore | Dave Stewart | Bob Welch | Todd Burns | Dennis Eckersley | Rick Honeycutt | Jim Corsi | Eric Plunk,Carney Lansford | Dave Henderson | Dave Stewart | Mark McGwire | Bob Welch | Dennis Eckersley,Jose Canseco | Walt Weiss | Storm Davis | Terry Steinbach,6,4,C03,OAK,AL,W,1,162,99,63,Y,,Y,Y,712.0,576.0,2667225.0,Oakland Athletics,Oakland Coliseum
1990,Rickey Henderson | Mark McGwire | Jose Canseco | Dave Stewart | Dave Henderson | Walt Weiss | Dennis Eckersley | Bob Welch | Willie Randolph | Gene Nelson,Rickey Henderson | Mark McGwire | Jose Canseco | Dave Henderson | Walt Weiss | Willie Randolph | Felix Jose | Mike Gallego,Dave Stewart | Dennis Eckersley | Bob Welch | Gene Nelson | Joe Klink | Todd Burns | Steve Chitren | Rick Honeycutt,Rickey Henderson | Mark McGwire | Dave Stewart | Dave Henderson | Dennis Eckersley | Bob Welch,Mike Moore | Carney Lansford | Todd Burns | Tony Phillips,6,4,C03,OAK,AL,W,1,162,103,59,Y,,Y,N,733.0,570.0,2900217.0,Oakland Athletics,Oakland Coliseum
1991,Dave Henderson | Jose Canseco | Rickey Henderson | Mike Moore | Mike Gallego | Harold Baines | Terry Steinbach | Mark McGwire | Dennis Eckersley | Lance Blankenship,Dave Henderson | Jose Canseco | Rickey Henderson | Mike Gallego | Harold Baines | Terry Steinbach | Mark McGwire | Lance Blankenship,Mike Moore | Dennis Eckersley | Ron Darling | Kevin Campbell | Rick Honeycutt | Todd Burns | Andy Hawkins | Vance Law,Dave Henderson | Jose Canseco | Rickey Henderson | Mark McGwire | Dennis Eckersley,Dave Stewart | Walt Weiss | Bob Welch | Willie Randolph | Gene Nelson,5,5,C03,OAK,AL,W,4,162,84,78,N,,N,N,760.0,776.0,2713493.0,Oakland Athletics,Oakland Coliseum
1992,Mark McGwire | Rickey Henderson | Mike Bordick | Terry Steinbach | Lance Blankenship | Dennis Eckersley | Carney Lansford | Bob Welch | Willie Wilson | Jerry Browne,Mark McGwire | Rickey Henderson | Mike Bordick | Terry Steinbach | Lance Blankenship | Carney Lansford | Willie Wilson | Jerry Browne,Dennis Eckersley | Bob Welch | Ron Darling | Jeff Parrett | Dave Stewart | Jim Corsi | Vince Horsman | Mike Moore,Mark McGwire | Rickey Henderson | Terry Steinbach | Lance Blankenship | Dennis Eckersley,Dave Henderson | Jose Canseco | Mike Moore | Mike Gallego | Harold Baines,5,5,C03,OAK,AL,W,1,162,96,66,Y,,N,N,745.0,672.0,2494160.0,Oakland Athletics,Oakland Coliseum
1993,Rickey Henderson | Bobby Witt | Terry Steinbach | Brent Gates | Mike Bordick | Troy Neel | Scott Hemond | Mark McGwire | Lance Blankenship | Mike Aldrete,Rickey Henderson | Terry Steinbach | Brent Gates | Mike Bordick | Troy Neel | Scott Hemond | Mark McGwire | Lance Blankenship,Bobby Witt | Steve Karsay | Ed Nunez | Rick Honeycutt | Ron Darling | Joe Boever | Dennis Eckersley | Bob Welch,Rickey Henderson | Terry Steinbach | Mike Bordick | Mark McGwire | Lance Blankenship,Dennis Eckersley | Carney Lansford | Bob Welch | Willie Wilson | Jerry Browne,5,5,C03,OAK,AL,W,7,162,68,94,N,,N,N,715.0,846.0,2035025.0,Oakland Athletics,Oakland Coliseum
1994,Rickey Henderson | Stan Javier | Steve Ontiveros | Terry Steinbach | Geronimo Berroa | Troy Neel | Mike Bordick | Mark McGwire | Steve Karsay | Brent Gates,Rickey Henderson | Stan Javier | Terry Steinbach | Geronimo Berroa | Troy Neel | Mike Bordick | Mark McGwire | Brent Gates,Steve Ontiveros | Steve Karsay | Carlos Reyes | Ron Darling | Dave Leiper | Mark Acre | John Briscoe | Billy Taylor,Rickey Henderson | Terry Steinbach | Troy Neel | Mike Bordick | Mark McGwire | Brent Gates,Bobby Witt | Scott Hemond | Lance Blankenship | Mike Aldrete,6,4,C03,OAK,AL,W,2,114,51,63,,,,,549.0,589.0,1242692.0,Oakland Athletics,Oakland Coliseum
1995,Mark McGwire | Stan Javier | Rickey Henderson | Mike Bordick | Terry Steinbach | Todd Stottlemyre | Brent Gates | Geronimo Berroa | Rick Honeycutt | Jim Corsi,Mark McGwire | Stan Javier | Rickey Henderson | Mike Bordick | Terry Steinbach | Brent Gates | Geronimo Berroa | Jason Giambi,Todd Stottlemyre | Rick Honeycutt | Jim Corsi | Steve Ontiveros | Todd Van Poppel | Mike Mohler | Steve Wojciechowski | Don Wengert,Mark McGwire | Stan Javier | Rickey Henderson | Mike Bordick | Terry Steinbach | Brent Gates | Geronimo Berroa,Steve Ontiveros | Troy Neel | Steve Karsay,7,3,C03,OAK,AL,W,4,144,67,77,N,N,N,N,730.0,761.0,1174310.0,Oakland Athletics,Oakland Coliseum
1996,Mark McGwire | Scott Brosius | Terry Steinbach | Ariel Prieto | Geronimo Berroa | Dave Telgheder | Mike Mohler | Don Wengert | Jim Corsi | Willie Adams,Mark McGwire | Scott Brosius | Terry Steinbach | Geronimo Berroa | Tony Batista | Jason Giambi | Ernie Young | Matt Stairs,Ariel Prieto | Dave Telgheder | Mike Mohler | Don Wengert | Jim Corsi | Willie Adams | Carlos Reyes | Buddy Groom,Mark McGwire | Terry Steinbach | Geronimo Berroa | Jim Corsi,Stan Javier | Rickey Henderson | Mike Bordick | Todd Stottlemyre | Brent Gates | Rick Honeycutt,4,6,C03,OAK,AL,W,3,162,78,84,N,N,N,N,861.0,900.0,1148380.0,Oakland Athletics,Oakland Coliseum
1997,Mark McGwire | Dave Magadan | Matt Stairs | Jason Giambi | Brent Mayne | Billy Taylor | George Williams | Scott Spiezio | Jimmy Haynes | Geronimo Berroa,Mark McGwire | Dave Magadan | Matt Stairs | Jason Giambi | Brent Mayne | George Williams | Scott Spiezio | Geronimo Berroa,Billy Taylor | Jimmy Haynes | Mike Oquist | Aaron Small | Brad Rigby | Buddy Groom | Ariel Prieto | Steve Karsay,Mark McGwire | Geronimo Berroa,Scott Brosius | Terry Steinbach | Ariel Prieto | Dave Telgheder | Mike Mohler | Don Wengert | Jim Corsi | Willie Adams,2,8,C03,OAK,AL,W,4,162,65,97,N,N,N,N,764.0,946.0,1264218.0,Oakland Athletics,Oakland Coliseum
1998,Kenny Rogers | Matt Stairs | Jason Giambi | Rickey Henderson | Ben Grieve | Tom Candiotti | Gil Heredia | Jimmy Haynes | Bip Roberts | Jason McDonald,Matt Stairs | Jason Giambi | Rickey Henderson | Ben Grieve | Bip Roberts | Jason McDonald | A. J. Hinch | Dave Magadan,Kenny Rogers | Tom Candiotti | Gil Heredia | Jimmy Haynes | Billy Taylor | Buddy Groom | Tim Worrell | Mike Fetters,Matt Stairs | Jason Giambi | Jimmy Haynes,Mark McGwire | Dave Magadan | Brent Mayne | Billy Taylor | George Williams | Scott Spiezio | Geronimo Berroa,3,7,C03,OAK,AL,W,4,162,74,88,N,N,N,N,804.0,866.0,1232343.0,Oakland Athletics,Oakland Coliseum
1999,Jason Giambi | John Jaha | Tim Hudson | Miguel Tejada | Randy Velarde | Gil Heredia | Doug Jones | Eric Chavez | Kenny Rogers | Tony Phillips,Jason Giambi | John Jaha | Miguel Tejada | Randy Velarde | Eric Chavez | Tony Phillips | Matt Stairs | Olmedo Saenz,Tim Hudson | Gil Heredia | Doug Jones | Kenny Rogers | Mike Oquist | Jason Isringhausen | T. J. Mathews | Brad Rigby,Jason Giambi | Gil Heredia | Kenny Rogers,Matt Stairs | Rickey Henderson | Ben Grieve | Tom Candiotti | Jimmy Haynes | Bip Roberts | Jason McDonald,3,7,C04,OAK,AL,W,2,162,87,75,N,N,N,N,893.0,846.0,1434610.0,Oakland Athletics,Oakland Coliseum
2000,Jason Giambi | Miguel Tejada | Tim Hudson | Gil Heredia | Barry Zito | Kevin Appier | Jeff Tam | Terrence Long | Ben Grieve | Eric Chavez,Jason Giambi | Miguel Tejada | Terrence Long | Ben Grieve | Eric Chavez | Randy Velarde | Olmedo Saenz | Adam Piatt,Tim Hudson | Gil Heredia | Barry Zito | Kevin Appier | Jeff Tam | Doug Jones | Jason Isringhausen | Jim Mecir,Jason Giambi | Miguel Tejada | Tim Hudson | Gil Heredia | Eric Chavez,John Jaha | Randy Velarde | Doug Jones | Kenny Rogers | Tony Phillips,5,5,C04,OAK,AL,W,1,161,91,70,Y,N,N,N,947.0,813.0,1603744.0,Oakland Athletics,Oakland Coliseum
2001,Jason Giambi | Eric Chavez | Mark Mulder | Barry Zito | Tim Hudson | Miguel Tejada | Cory Lidle | Frank Menechino | Johnny Damon | Ramon Hernandez,Jason Giambi | Eric Chavez | Miguel Tejada | Frank Menechino | Johnny Damon | Ramon Hernandez | Terrence Long | Jermaine Dye,Mark Mulder | Barry Zito | Tim Hudson | Cory Lidle | Jason Isringhausen | Jeff Tam | Erik Hiljus | Jim Mecir,Jason Giambi | Eric Chavez | Barry Zito | Tim Hudson | Miguel Tejada,Gil Heredia | Kevin Appier | Jeff Tam | Terrence Long | Ben Grieve,5,5,C04,OAK,AL,W,2,162,102,60,N,Y,N,N,884.0,645.0,2133277.0,Oakland Athletics,Oakland Coliseum
2002,Barry Zito | Tim Hudson | Miguel Tejada | Mark Mulder | Eric Chavez | Cory Lidle | Scott Hatteberg | Mark Ellis | John Mabry | Billy Koch,Miguel Tejada | Eric Chavez | Scott Hatteberg | Mark Ellis | John Mabry | Ramon Hernandez | David Justice | Jermaine Dye,Barry Zito | Tim Hudson | Mark Mulder | Cory Lidle | Billy Koch | Chad Bradford | Mike Fyhrie | Ricardo Rincon,Barry Zito | Tim Hudson | Miguel Tejada | Mark Mulder | Eric Chavez | Cory Lidle,Jason Giambi | Frank Menechino | Johnny Damon | Ramon Hernandez,6,4,C04,OAK,AL,W,1,162,103,59,Y,N,N,N,800.0,654.0,2169811.0,Oakland Athletics,Oakland Coliseum
2003,Tim Hudson | Mark Mulder | Eric Chavez | Barry Zito | Miguel Tejada | Keith Foulke | Ramon Hernandez | Mark Ellis | Ted Lilly | Eric Byrnes,Eric Chavez | Miguel Tejada | Ramon Hernandez | Mark Ellis | Eric Byrnes | Erubiel Durazo | Scott Hatteberg | Adam Melhuse,Tim Hudson | Mark Mulder | Barry Zito | Keith Foulke | Ted Lilly | Chad Bradford | Ricardo Rincon | Rich Harden,Tim Hudson | Mark Mulder | Eric Chavez | Barry Zito | Miguel Tejada | Mark Ellis,Cory Lidle | Scott Hatteberg | John Mabry | Billy Koch,6,4,C04,OAK,AL,W,1,162,96,66,Y,N,N,N,768.0,643.0,2216596.0,Oakland Athletics,Oakland Coliseum
2004,Eric Chavez | Mark Kotsay | Tim Hudson | Rich Harden | Eric Byrnes | Erubiel Durazo | Bobby Crosby | Mark Mulder | Barry Zito | Justin Duchscherer,Eric Chavez | Mark Kotsay | Eric Byrnes | Erubiel Durazo | Bobby Crosby | Scott Hatteberg | Jermaine Dye | Damian Miller,Tim Hudson | Rich Harden | Mark Mulder | Barry Zito | Justin Duchscherer | Mark Redman | Chris Hammond | Octavio Dotel,Eric Chavez | Tim Hudson | Eric Byrnes | Mark Mulder | Barry Zito,Miguel Tejada | Keith Foulke | Ramon Hernandez | Mark Ellis | Ted Lilly,5,5,C04,OAK,AL,W,2,162,91,71,N,N,N,N,793.0,742.0,2201516.0,Oakland Athletics,Network Associates Coliseum
2005,Eric Chavez | Mark Ellis | Joe Blanton | Rich Harden | Bobby Crosby | Dan Haren | Barry Zito | Huston Street | Mark Kotsay | Jason Kendall,Eric Chavez | Mark Ellis | Bobby Crosby | Mark Kotsay | Jason Kendall | Dan Johnson | Nick Swisher | Marco Scutaro,Joe Blanton | Rich Harden | Dan Haren | Barry Zito | Huston Street | Justin Duchscherer | Kirk Saarloos | Kiko Calero,Eric Chavez | Rich Harden | Bobby Crosby | Barry Zito | Mark Kotsay,Tim Hudson | Eric Byrnes | Erubiel Durazo | Mark Mulder | Justin Duchscherer,5,5,C04,OAK,AL,W,2,162,88,74,N,N,N,N,772.0,658.0,2109118.0,Oakland Athletics,McAfee Coliseum
2006,Barry Zito | Jason Kendall | Nick Swisher | Dan Haren | Frank Thomas | Eric Chavez | Mark Ellis | Jay Payton | Milton Bradley | Justin Duchscherer,Jason Kendall | Nick Swisher | Frank Thomas | Eric Chavez | Mark Ellis | Jay Payton | Milton Bradley | Bobby Kielty,Barry Zito | Dan Haren | Justin Duchscherer | Huston Street | Kiko Calero | Joe Blanton | Chad Gaudin | Joe Kennedy,Barry Zito | Jason Kendall | Dan Haren | Eric Chavez | Mark Ellis,Joe Blanton | Rich Harden | Bobby Crosby | Huston Street | Mark Kotsay,5,5,C04,OAK,AL,W,1,162,93,69,Y,N,N,N,771.0,727.0,1976625.0,Oakland Athletics,McAfee Coliseum
2007,Mark Ellis | Dan Haren | Nick Swisher | Joe Blanton | Jack Cust | Travis Buck | Eric Chavez | Dan Johnson | Jason Kendall | Chad Gaudin,Mark Ellis | Nick Swisher | Jack Cust | Travis Buck | Eric Chavez | Dan Johnson | Jason Kendall | Shannon Stewart,Dan Haren | Joe Blanton | Chad Gaudin | Rich Harden | Huston Street | Alan Embree | Joe Kennedy | Esteban Loaiza,Mark Ellis | Dan Haren | Nick Swisher | Eric Chavez | Jason Kendall,Barry Zito | Frank Thomas | Jay Payton | Milton Bradley | Justin Duchscherer,5,5,C04,OAK,AL,W,3,162,76,86,N,N,N,N,741.0,758.0,1921844.0,Oakland Athletics,McAfee Coliseum
2008,Mark Ellis | Kurt Suzuki | Justin Duchscherer | Brad Ziegler | Jack Cust | Rich Harden | Jack Hannahan | Greg Smith | Ryan Sweeney | Joey Devine,Mark Ellis | Kurt Suzuki | Jack Cust | Jack Hannahan | Ryan Sweeney | Rajai Davis | Carlos Gonzalez | Bobby Crosby,Justin Duchscherer | Brad Ziegler | Rich Harden | Greg Smith | Joey Devine | Dana Eveland | Huston Street | Chad Gaudin,Mark Ellis | Jack Cust,Dan Haren | Nick Swisher | Joe Blanton | Travis Buck | Eric Chavez | Dan Johnson | Jason Kendall | Chad Gaudin,2,8,C04,OAK,AL,W,3,161,75,86,N,N,N,N,646.0,690.0,1665256.0,Oakland Athletics,McAfee Coliseum
2009,Andrew Bailey | Kurt Suzuki | Rajai Davis | Ryan Sweeney | Matt Holliday | Dallas Braden | Michael Wuertz | Brett Anderson | Trevor Cahill | Brad Ziegler,Kurt Suzuki | Rajai Davis | Ryan Sweeney | Matt Holliday | Mark Ellis | Adam Kennedy | Jack Cust | Daric Barton,Andrew Bailey | Dallas Braden | Michael Wuertz | Brett Anderson | Trevor Cahill | Brad Ziegler | Craig Breslow | Brett Tomko,Kurt Suzuki | Ryan Sweeney | Brad Ziegler,Mark Ellis | Justin Duchscherer | Jack Cust | Rich Harden | Jack Hannahan | Greg Smith | Joey Devine,3,7,C05,OAK,AL,W,4,162,75,87,N,N,N,N,759.0,761.0,1408783.0,Oakland Athletics,Oakland-Alameda County Coliseum
2010,Daric Barton | Cliff Pennington | Trevor Cahill | Gio Gonzalez | Coco Crisp | Mark Ellis | Dallas Braden | Kevin Kouzmanoff | Jack Cust | Kurt Suzuki,Daric Barton | Cliff Pennington | Coco Crisp | Mark Ellis | Kevin Kouzmanoff | Jack Cust | Kurt Suzuki | Adam Rosales,Trevor Cahill | Gio Gonzalez | Dallas Braden | Andrew Bailey | Brett Anderson | Craig Breslow | Brad Ziegler | Bobby Cramer,Trevor Cahill | Dallas Braden | Kurt Suzuki,Andrew Bailey | Rajai Davis | Ryan Sweeney | Matt Holliday | Michael Wuertz | Brett Anderson | Brad Ziegler,3,7,C05,OAK,AL,W,2,162,81,81,N,N,N,N,663.0,626.0,1418391.0,Oakland Athletics,Oakland-Alameda County Coliseum
2011,Gio Gonzalez | Brandon McCarthy | Trevor Cahill | Coco Crisp | Josh Willingham | Grant Balfour | Guillermo Moscoso | Jemile Weeks | Kurt Suzuki | Scott Sizemore,Coco Crisp | Josh Willingham | Jemile Weeks | Kurt Suzuki | Scott Sizemore | David DeJesus | Cliff Pennington | Mark Ellis,Gio Gonzalez | Brandon McCarthy | Trevor Cahill | Grant Balfour | Guillermo Moscoso | Brett Anderson | Josh Outman | Tyson Ross,Gio Gonzalez | Trevor Cahill | Coco Crisp | Kurt Suzuki,Daric Barton | Cliff Pennington | Mark Ellis | Dallas Braden | Kevin Kouzmanoff | Jack Cust,4,6,C05,OAK,AL,W,3,162,74,88,N,N,N,N,645.0,679.0,1476791.0,Oakland Athletics,Oakland-Alameda County Coliseum
2012,Josh Reddick | Yoenis Cespedes | Jarrod Parker | Coco Crisp | Bartolo Colon | Ryan Cook | Grant Balfour | Brandon Moss | A. J. Griffin | Brandon McCarthy,Josh Reddick | Yoenis Cespedes | Coco Crisp | Brandon Moss | Cliff Pennington | Jonny Gomes | Seth Smith | Josh Donaldson,Jarrod Parker | Bartolo Colon | Ryan Cook | Grant Balfour | A. J. Griffin | Brandon McCarthy | Tommy Milone | Jerry Blevins,Coco Crisp | Grant Balfour | Brandon McCarthy,Gio Gonzalez | Trevor Cahill | Josh Willingham | Guillermo Moscoso | Jemile Weeks | Kurt Suzuki | Scott Sizemore,3,7,C06,OAK,AL,W,1,162,94,68,Y,N,N,N,713.0,614.0,1679013.0,Oakland Athletics,O.co Coliseum
2013,Josh Donaldson | Bartolo Colon | Coco Crisp | Josh Reddick | A. J. Griffin | Brandon Moss | Jarrod Parker | Jed Lowrie | Derek Norris | Ryan Cook,Josh Donaldson | Coco Crisp | Josh Reddick | Brandon Moss | Jed Lowrie | Derek Norris | Yoenis Cespedes | Eric Sogard,Bartolo Colon | A. J. Griffin | Jarrod Parker | Ryan Cook | Grant Balfour | Dan Straily | Sonny Gray | Dan Otero,Bartolo Colon | Coco Crisp | Josh Reddick | A. J. Griffin | Brandon Moss | Jarrod Parker | Ryan Cook,Yoenis Cespedes | Grant Balfour | Brandon McCarthy,7,3,C06,OAK,AL,W,1,162,96,66,Y,N,N,N,767.0,625.0,1809302.0,Oakland Athletics,O.co Coliseum
2014,Josh Donaldson | Sonny Gray | Josh Reddick | Derek Norris | Yoenis Cespedes | Brandon Moss | Scott Kazmir | John Jaso | Craig Gentry | Dan Otero,Josh Donaldson | Josh Reddick | Derek Norris | Yoenis Cespedes | Brandon Moss | John Jaso | Craig Gentry | Coco Crisp,Sonny Gray | Scott Kazmir | Dan Otero | Jon Lester | Fernando Abad | Jeff Samardzija | Luke Gregerson | Drew Pomeranz,Josh Donaldson | Josh Reddick | Derek Norris | Brandon Moss,Bartolo Colon | Coco Crisp | A. J. Griffin | Jarrod Parker | Jed Lowrie | Ryan Cook,4,6,C06,OAK,AL,W,2,162,88,74,N,Y,N,N,729.0,572.0,2003628.0,Oakland Athletics,O.co Coliseum
2015,Sonny Gray | Josh Reddick | Stephen Vogt | Scott Kazmir | Billy Burns | Marcus Semien | Brett Lawrie | Josh Phegley | Mark Canha | Danny Valencia,Josh Reddick | Stephen Vogt | Billy Burns | Marcus Semien | Brett Lawrie | Josh Phegley | Mark Canha | Danny Valencia,Sonny Gray | Scott Kazmir | Jesse Chavez | Chris Bassitt | Kendall Graveman | Tyler Clippard | Jesse Hahn | Drew Pomeranz,Sonny Gray | Josh Reddick | Scott Kazmir,Josh Donaldson | Derek Norris | Yoenis Cespedes | Brandon Moss | John Jaso | Craig Gentry | Dan Otero,3,7,C06,OAK,AL,W,5,162,68,94,N,N,N,N,694.0,729.0,1768175.0,Oakland Athletics,O.co Coliseum
2016,Kendall Graveman | Marcus Semien | Sean Manaea | Rich Hill | Khris Davis | Josh Reddick | Ryon Healy | Ryan Dull | Stephen Vogt | Ryan Madson,Marcus Semien | Khris Davis | Josh Reddick | Ryon Healy | Stephen Vogt | Danny Valencia | Joey Wendle | Bruce Maxwell,Kendall Graveman | Sean Manaea | Rich Hill | Ryan Dull | Ryan Madson | Jharel Cotton | Sean Doolittle | Zach Neal,Marcus Semien | Josh Reddick | Stephen Vogt,Sonny Gray | Scott Kazmir | Billy Burns | Brett Lawrie | Josh Phegley | Mark Canha | Danny Valencia,3,7,C06,OAK,AL,W,5,162,69,93,N,N,N,N,653.0,761.0,1521506.0,Oakland Athletics,O.co Coliseum
2017,Jed Lowrie | Matt Chapman | Matt Olson | Khris Davis | Matt Joyce | Kendall Graveman | Yonder Alonso | Marcus Semien | Daniel Mengden | Sonny Gray,Jed Lowrie | Matt Chapman | Matt Olson | Khris Davis | Matt Joyce | Yonder Alonso | Marcus Semien | Boog Powell,Kendall Graveman | Sonny Gray | Ryan Madson | Sean Manaea | Paul Blackburn | Blake Treinen | Daniel Mengden | Danny Coulombe,Khris Davis | Kendall Graveman | Marcus Semien,Sean Manaea | Rich Hill | Josh Reddick | Ryon Healy | Ryan Dull | Stephen Vogt | Ryan Madson,3,7,C07,OAK,AL,W,5,162,75,87,N,N,N,N,739.0,826.0,1475721.0,Oakland Athletics,O.co Coliseum
2018,Matt Chapman | Blake Treinen | Marcus Semien | Matt Olson | Jed Lowrie | Stephen Piscotty | Sean Manaea | Khris Davis | Ramon Laureano | Chad Pinder,Matt Chapman | Marcus Semien | Matt Olson | Jed Lowrie | Stephen Piscotty | Khris Davis | Ramon Laureano | Chad Pinder,Blake Treinen | Sean Manaea | Yusmeiro Petit | Edwin Jackson | Lou Trivino | Trevor Cahill | Daniel Mengden | Mike Fiers,Matt Chapman | Marcus Semien | Matt Olson | Jed Lowrie | Khris Davis,Matt Joyce | Kendall Graveman | Yonder Alonso | Daniel Mengden | Sonny Gray,5,5,C07,OAK,AL,W,2,162,97,65,N,Y,N,N,813.0,674.0,1573616.0,Oakland Athletics,O.co Coliseum
2019,Marcus Semien | Matt Chapman | Matt Olson | Mark Canha | Liam Hendriks | Ramon Laureano | Mike Fiers | Brett Anderson | Frankie Montas | Yusmeiro Petit,Marcus Semien | Matt Chapman | Matt Olson | Mark Canha | Ramon Laureano | Chad Pinder | Robbie Grossman | Stephen Piscotty,Liam Hendriks | Mike Fiers | Brett Anderson | Frankie Montas | Yusmeiro Petit | Chris Bassitt | Sean Manaea | Ryan Buchter,Marcus Semien | Matt Chapman | Matt Olson | Ramon Laureano,Blake Treinen | Jed Lowrie | Stephen Piscotty | Sean Manaea | Khris Davis | Chad Pinder,4,6,C07,OAK,AL,W,2,162,97,65,N,Y,N,N,845.0,680.0,1662211.0,Oakland Athletics,O.co Coliseum
2020,Chris Bassitt | Mark Canha | Ramon Laureano | Liam Hendriks | Jake Diekman | Matt Olson | Robbie Grossman | Matt Chapman | Sean Murphy | Yusmeiro Petit,Mark Canha | Ramon Laureano | Matt Olson | Robbie Grossman | Matt Chapman | Sean Murphy | Tommy La Stella | Marcus Semien,Chris Bassitt | Liam Hendriks | Jake Diekman | Yusmeiro Petit | Jesus Luzardo | J. B. Wendelken | Mike Fiers | Joakim Soria,Mark Canha | Ramon Laureano | Liam Hendriks | Matt Olson | Matt Chapman | Yusmeiro Petit,Marcus Semien | Mike Fiers | Brett Anderson | Frankie Montas,6,4,C07,OAK,AL,W,1,60,36,24,Y,N,N,N,274.0,232.0,0.0,Oakland Athletics,O.co Coliseum
2021,Matt Olson | Chris Bassitt | Frankie Montas | Sean Manaea | Matt Chapman | Tony Kemp | Sean Murphy | Mark Canha | Ramon Laureano | Starling Marte,Matt Olson | Matt Chapman | Tony Kemp | Sean Murphy | Mark Canha | Ramon Laureano | Starling Marte | Seth Brown,Chris Bassitt | Frankie Montas | Sean Manaea | Andrew Chafin | James Kaprielian | Cole Irvin | Lou Trivino | Yusmeiro Petit,Matt Olson | Chris Bassitt | Matt Chapman | Sean Murphy | Mark Canha | Ramon Laureano,Liam Hendriks | Jake Diekman | Robbie Grossman | Yusmeiro Petit,6,4,C07,OAK,AL,W,3,162,86,76,N,N,N,N,743.0,687.0,701430.0,Oakland Athletics,O.co Coliseum
2022,Sean Murphy | Cole Irvin | Seth Brown | Frankie Montas | Elvis Andrus | Tony Kemp | Paul Blackburn | Domingo Acevedo | Nick Allen | A. J. Puk,Sean Murphy | Seth Brown | Elvis Andrus | Tony Kemp | Nick Allen | Ramon Laureano | Dermis Garcia | Kevin Smith,Cole Irvin | Frankie Montas | Paul Blackburn | Domingo Acevedo | James Kaprielian | A. J. Puk | Zach Jackson | Sam Moll,Sean Murphy | Frankie Montas | Tony Kemp,Matt Olson | Chris Bassitt | Sean Manaea | Matt Chapman | Mark Canha | Ramon Laureano | Starling Marte,3,7,C07,OAK,AL,W,5,162,60,102,N,N,N,N,568.0,770.0,787902.0,Oakland Athletics,O.co Coliseum
2023,JP Sears | Zack Gelof | Ryan Noda | Brent Rooker | Paul Blackburn | Austin Pruitt | Trevor May | Ramon Laureano | Shea Langeliers | Joe Boyle,Zack Gelof | Ryan Noda | Brent Rooker | Ramon Laureano | Shea Langeliers | Carlos Perez | Seth Brown | Conner Capel,JP Sears | Paul Blackburn | Austin Pruitt | Trevor May | Joe Boyle | Mason Miller | Zach Jackson | Dany Jimenez,Paul Blackburn,Sean Murphy | Cole Irvin | Seth Brown | Frankie Montas | Elvis Andrus | Tony Kemp | Domingo Acevedo | Nick Allen | A. J. Puk,1,9,C07,OAK,AL,W,5,162,50,112,N,N,N,N,585.0,924.0,832352.0,Oakland Athletics,Oakland-Alameda County Coliseum
2024,Brent Rooker | Lawrence Butler | Shea Langeliers | Mason Miller | JP Sears | JJ Bleday | Hogan Harris | Mitch Spence | Osvaldo Bido | Zack Gelof,Brent Rooker | Lawrence Butler | Shea Langeliers | JJ Bleday | Zack Gelof | Max Schuemann | Abraham Toro | Tyler Soderstrom,Mason Miller | JP Sears | Hogan Harris | Mitch Spence | Osvaldo Bido | Scott Alexander | Michael Kelly | Paul Blackburn,Brent Rooker | Shea Langeliers | JP Sears | Zack Gelof,Ryan Noda | Paul Blackburn | Austin Pruitt | Trevor May | Ramon Laureano | Joe Boyle,4,6,C07,OAK,AL,W,4,162,69,93,N,N,N,N,643.0,764.0,922286.0,Oakland Athletics,Oakland-Alameda County Coliseum
